t,ax,ay,yawRate,steer,gas,t_sec,yaw,yaw_rad,ax_world,ay_world,angular_accel,x_world,y_world,is_drift
2709.0,-0.8556,-0.3899,75.3659,4002.0,4002.0,2.709,20.348793,0.3551534366567745,-0.6666231181204679,-0.6630889747140611,279.3588888888889,-0.0485968253109821,-0.048339186256655,0
3429.0,-0.3819,-0.9023,59.5732,4002.0,4002.0,3.429,63.24149699999999,1.103772346540116,0.6337314176053577,-0.7472465391956685,-21.93430555555556,0.1503380074130161,-0.5646162888601027,0
3608.0,-0.407,-1.3171,102.0427,3936.0,4002.0,3.608,81.50714030000002,1.422567962119959,1.2425487789122078,-0.5970543878272571,237.25977653631247,0.2396079226403586,-0.7120987326199444,0
4328.0,-0.0182,-1.6326,86.7378,4002.0,4002.0,4.328,143.95835630000002,2.5125473031941223,0.9752942637199092,1.309394936279746,-21.256805555555555,1.104274988302964,-0.6265338697591487,0
4508.0,0.0496,-1.2026,35.5183,4004.0,4002.0,4.508,150.35165030000002,2.6241313335421204,0.5517904058137525,1.0696888650686676,-284.55277777777815,1.3383197638669804,-0.5704847348157251,0
5228.0,-1.2704,-3.647,292.7134,4002.0,4002.0,5.228,361.1052983,6.3024764017312815,-1.1998133617737627,-3.670827298703814,357.2154166666667,1.6525156193795292,-2.2492450666900865,1
5587.0,-2.5491,-4.5241,356.311,4004.0,4002.0,5.587,489.02094729999993,8.535025641606673,5.119769670536732,0.8679574532499867,177.15208913649025,2.469018198911592,-2.974430396522908,1
6307.0,-3.3906,-5.1137,250.6098,4012.0,4002.0,6.307,669.4600033000002,11.684281267997106,-6.102986243095696,-0.6321827003206253,-146.80722222222207,0.9427840504436618,-4.756564597727428,1
